<?xml version="1.0" encoding="UTF-8"?>
<!DOCTYPE mapper PUBLIC "-//mybatis.org//DTD Mapper 3.0//EN" "http://mybatis.org/dtd/mybatis-3-mapper.dtd">
<mapper namespace="com.example.springbootweb.dao.DBTableRelationInsertMapper">

    <insert id="insertTableRelationInformation" parameterType="com.example.springbootweb.vo.HiveTableFields">
        insert into ${tableRelationName}(`source_table_name`,`source_table_relatiobfield`,`target_table_name`,
        `target_relation_field`,`relation`) values(#{sourceTableName,jdbcType=VARCHAR},#{sourceTableRelatiobField,jdbcType=VARCHAR},
        #{targetTableName,jdbcType=VARCHAR},#{targetRelationField,jdbcType=VARCHAR},#{relation,jdbcType=INTEGER});
    </insert>

   <select id="" parameterType="com.example.springbootweb.vo.HiveTableFields">-->

    </select>

    <update id="updataBase" parameterType="String">
        use ${database};
    </update>

    <select id="selectTableRelations" resultType="java.util.Map">
         SELECT t1.name,t2.column_code from t_table t1 LEFT JOIN  t_column t2 on t1.name = t2.table_name group by t1.`name`,t2.column_code;
    </select>

    <select id="selectMaxRelation" parameterType="String" resultType="Integer">
        SELECT MAX(relation) as relation from t_hive_table_relation WHERE source_table_name = #{tableName};
    </select>

    <select id="describeTableName" parameterType="String" resultType="String">
        describe ${tableName};
    </select>

    <select id="isExistSourceTableName" resultType="com.example.springbootweb.vo.HiveTableFields">
        select source_table_name as sourceTableName,source_table_relatiobfield as sourceTableRelation,
         target_table_name as targetTableName,target_relation_field as targetRelationField,relation as relation from `t_hive_table_relation` where source_table_name=#{tableName};
    </select>

    <select id="showRelationTables" resultType="com.example.springbootweb.vo.HiveTableFields">
        select source_table_name as sourceTableName,source_table_relatiobfield as sourceTableRelation,
         target_table_name as targetTableName,target_relation_field as targetRelationField,relation as relation from `t_hive_table_relation`;
    </select>

</mapper>